{"normB": [-2.4339213370444535e-12, 0.07957208901643753], "normF": [11.940271377563477, 0.6187927722930908], "normT": [58.412357330322266, 24.073854446411133], "normP": [10.92883586883545, 1.8549690246582031]}