{"normB": [4.78246739085697e-12, 0.06270302087068558], "normF": [12.12155818939209, 0.6643836498260498], "normT": [58.0945930480957, 24.068912506103516], "normP": [11.629982948303223, 1.6356375217437744]}