{"normB": [-9.634371425648602e-12, 0.081049844622612], "normF": [12.09182357788086, 0.5780044198036194], "normT": [67.24137878417969, 25.972824096679688], "normP": [11.554819107055664, 1.9381786584854126]}