{"normB": [-4.212396490649306e-12, 0.06427906453609467], "normF": [11.889832496643066, 0.618456244468689], "normT": [55.256988525390625, 26.110580444335938], "normP": [11.39207649230957, 1.906549334526062]}