{"normB": [-2.775924238737626e-12, 0.12876276671886444], "normF": [11.948334693908691, 0.6395654678344727], "normT": [56.4505729675293, 24.61850357055664], "normP": [13.100687026977539, 1.6743216514587402]}