,Freq,PkPk,Temp,dB
0,5.142407248067451,2.0853992186396826,58.597122302158276,64592.75995663039
1,0.27202873153817775,0.4014078009490573,23.92201125186937,48854.37649483255
