,PkPk,Freq,Temp,Duty
0,-0.8648496096659933,5.2154751989696955,58.021806853582554,0.5001202863729244
1,0.3843119470968259,0.2576285613995459,24.219305077393905,0.24641704704274442
