,PkPk,Freq,Temp,Duty
0,-0.9382408821544315,5.324896018135711,58.26945412311266,0.5073467052223937
1,0.35743251583549035,0.2576669302747909,23.998147484271776,0.24340891246954965
