,Freq,PkPk,Temp,dB
0,5.126404101675654,1.926682368616198,58.53658536585366,42659.70540283898
1,0.2646384031869734,0.39185239085635765,26.883966144146623,29567.4369171454
