,PkPk,Freq,Temp,Duty
0,-0.5553888957638577,5.22810181140227,58.65157480314961,0.5552335650125846
1,0.31176472281128476,0.26928973254363303,24.498976702059263,0.2480585103545244
