,PkPk,Freq,Temp
0,0.3040703860203801,259762.41379310345,49.6551724137931
1,0.12353591117480123,124849.07426548495,21.395647798246124
