,PkPk,Freq,Temp
0,0.11659402581845477,182976.50406504064,57.17479674796748
1,0.10080931508445848,127875.62158555406,24.34542941974919
