,PkPk,Freq,Temp
0,0.17872445083928745,173192.2680412371,53.29896907216495
1,0.08776143525997386,100310.34645149558,25.869127734800998
