,PkPk,Freq,Temp,Duty
0,-0.7639518595843849,5.28738359287014,73.26797385620915,0.6412352493946423
1,0.36137149836418114,0.23814421686431114,23.790894121373334,0.2057270957766041
