,PkPk,Freq,Temp
0,0.1391135910549359,165768.33333333334,57.25694444444444
1,0.10283482697759183,103733.83454481295,24.29300930489677
