,PkPk,Freq,Temp
0,0.09408952185142956,150240.44776119402,52.76119402985075
1,0.08900428041290856,99448.74296374588,25.66219336396756
