,Freq,PkPk,Temp,dB
0,5.20089362197473,1.9996881661549717,58.23754789272031,61401.5591966088
1,0.2985628804092435,0.36019604870233685,24.06081957209188,45221.526206009046
