,Freq,PkPk,Temp,dB
0,5.051915519681979,2.5363183641441447,57.36220472440945,152076.33558229555
1,0.2904523896852531,0.26276165400693285,25.17263230818014,97262.65575120908
