,PkPk,Freq,Temp,Duty
0,-0.9856510211265296,5.2119712845617086,55.160377358490564,0.4961102196646932
1,0.37906628139707227,0.2568836583406223,26.78103354785543,0.2309995703242002
